[
    {
        "pk": 1,
        "model": "online.org",
        "fields": {
            "is_seller": true,
            "title": "\u0413\u043e\u0441\u0442\u0438\u043d\u0438\u0446\u0430 \u00ab\u0411\u0430\u0440\u0431\u0430\u0440\u0438\u0441\u00bb"
        }
    },
    {
        "pk": 2,
        "model": "online.org",
        "fields": {
            "is_seller": false,
            "title": "\u0422\u0435\u0441\u0442 \u041e\u0440\u0433\u0430\u043d\u0438\u0437\u0430\u0446\u0438\u044f 1"
        }
    },
    {
        "pk": 11,
        "model": "online.org",
        "fields": {
            "is_seller": false,
            "title": "\u0422\u0435\u0441\u0442 \u041e\u0440\u0433\u0430\u043d\u0438\u0437\u0430\u0446\u0438\u044f 10"
        }
    },
    {
        "pk": 12,
        "model": "online.org",
        "fields": {
            "is_seller": false,
            "title": "\u0422\u0435\u0441\u0442 \u041e\u0440\u0433\u0430\u043d\u0438\u0437\u0430\u0446\u0438\u044f 11"
        }
    },
    {
        "pk": 13,
        "model": "online.org",
        "fields": {
            "is_seller": false,
            "title": "\u0422\u0435\u0441\u0442 \u041e\u0440\u0433\u0430\u043d\u0438\u0437\u0430\u0446\u0438\u044f 12"
        }
    },
    {
        "pk": 14,
        "model": "online.org",
        "fields": {
            "is_seller": false,
            "title": "\u0422\u0435\u0441\u0442 \u041e\u0440\u0433\u0430\u043d\u0438\u0437\u0430\u0446\u0438\u044f 13"
        }
    },
    {
        "pk": 15,
        "model": "online.org",
        "fields": {
            "is_seller": false,
            "title": "\u0422\u0435\u0441\u0442 \u041e\u0440\u0433\u0430\u043d\u0438\u0437\u0430\u0446\u0438\u044f 14"
        }
    },
    {
        "pk": 16,
        "model": "online.org",
        "fields": {
            "is_seller": false,
            "title": "\u0422\u0435\u0441\u0442 \u041e\u0440\u0433\u0430\u043d\u0438\u0437\u0430\u0446\u0438\u044f 15"
        }
    },
    {
        "pk": 17,
        "model": "online.org",
        "fields": {
            "is_seller": false,
            "title": "\u0422\u0435\u0441\u0442 \u041e\u0440\u0433\u0430\u043d\u0438\u0437\u0430\u0446\u0438\u044f 16"
        }
    },
    {
        "pk": 18,
        "model": "online.org",
        "fields": {
            "is_seller": false,
            "title": "\u0422\u0435\u0441\u0442 \u041e\u0440\u0433\u0430\u043d\u0438\u0437\u0430\u0446\u0438\u044f 17"
        }
    },
    {
        "pk": 19,
        "model": "online.org",
        "fields": {
            "is_seller": false,
            "title": "\u0422\u0435\u0441\u0442 \u041e\u0440\u0433\u0430\u043d\u0438\u0437\u0430\u0446\u0438\u044f 18"
        }
    },
    {
        "pk": 20,
        "model": "online.org",
        "fields": {
            "is_seller": false,
            "title": "\u0422\u0435\u0441\u0442 \u041e\u0440\u0433\u0430\u043d\u0438\u0437\u0430\u0446\u0438\u044f 19"
        }
    },
    {
        "pk": 3,
        "model": "online.org",
        "fields": {
            "is_seller": false,
            "title": "\u0422\u0435\u0441\u0442 \u041e\u0440\u0433\u0430\u043d\u0438\u0437\u0430\u0446\u0438\u044f 2"
        }
    },
    {
        "pk": 21,
        "model": "online.org",
        "fields": {
            "is_seller": false,
            "title": "\u0422\u0435\u0441\u0442 \u041e\u0440\u0433\u0430\u043d\u0438\u0437\u0430\u0446\u0438\u044f 20"
        }
    },
    {
        "pk": 22,
        "model": "online.org",
        "fields": {
            "is_seller": false,
            "title": "\u0422\u0435\u0441\u0442 \u041e\u0440\u0433\u0430\u043d\u0438\u0437\u0430\u0446\u0438\u044f 21"
        }
    },
    {
        "pk": 4,
        "model": "online.org",
        "fields": {
            "is_seller": false,
            "title": "\u0422\u0435\u0441\u0442 \u041e\u0440\u0433\u0430\u043d\u0438\u0437\u0430\u0446\u0438\u044f 3"
        }
    },
    {
        "pk": 5,
        "model": "online.org",
        "fields": {
            "is_seller": false,
            "title": "\u0422\u0435\u0441\u0442 \u041e\u0440\u0433\u0430\u043d\u0438\u0437\u0430\u0446\u0438\u044f 4"
        }
    },
    {
        "pk": 6,
        "model": "online.org",
        "fields": {
            "is_seller": false,
            "title": "\u0422\u0435\u0441\u0442 \u041e\u0440\u0433\u0430\u043d\u0438\u0437\u0430\u0446\u0438\u044f 5"
        }
    },
    {
        "pk": 7,
        "model": "online.org",
        "fields": {
            "is_seller": false,
            "title": "\u0422\u0435\u0441\u0442 \u041e\u0440\u0433\u0430\u043d\u0438\u0437\u0430\u0446\u0438\u044f 6"
        }
    },
    {
        "pk": 8,
        "model": "online.org",
        "fields": {
            "is_seller": false,
            "title": "\u0422\u0435\u0441\u0442 \u041e\u0440\u0433\u0430\u043d\u0438\u0437\u0430\u0446\u0438\u044f 7"
        }
    },
    {
        "pk": 9,
        "model": "online.org",
        "fields": {
            "is_seller": false,
            "title": "\u0422\u0435\u0441\u0442 \u041e\u0440\u0433\u0430\u043d\u0438\u0437\u0430\u0446\u0438\u044f 8"
        }
    },
    {
        "pk": 10,
        "model": "online.org",
        "fields": {
            "is_seller": false,
            "title": "\u0422\u0435\u0441\u0442 \u041e\u0440\u0433\u0430\u043d\u0438\u0437\u0430\u0446\u0438\u044f 9"
        }
    },
    {
        "pk": 1,
        "model": "online.orgdetail",
        "fields": {
            "kpp": "",
            "bank_title": "\u041e\u0410\u041e \"\u041d\u041e\u041c\u041e\u0421-\u0420\u0415\u0413\u0418\u041e\u0411\u0410\u041d\u041a\" \u0413. \u0425\u0410\u0411\u0410\u0420\u041e\u0412\u0421\u041a",
            "document_series": "",
            "phones": "",
            "document_number": "",
            "document_organ": "",
            "is_active": true,
            "bank_bik": "040813737",
            "ogrn": "",
            "bank_set_account": "40802810308020061574",
            "inn": "790153009857",
            "bank_cor_account": "30101810500000000737",
            "address": "679000, \u0415\u0432\u0440\u0435\u0439\u0441\u043a\u0430\u044f \u0410\u043e\u0431\u043b, \u0411\u0438\u0440\u043e\u0431\u0438\u0434\u0436\u0430\u043d \u0433, \u041e\u0441\u0435\u043d\u043d\u044f\u044f \u0443\u043b, \u0434\u043e\u043c \u2116 31, \u043a\u0432.89",
            "document_code": "",
            "org": 1,
            "fulltitle": "\u0418\u043d\u0434\u0438\u0432\u0438\u0434\u0443\u0430\u043b\u044c\u043d\u044b\u0439 \u043f\u0440\u0435\u0434\u043f\u0440\u0438\u043d\u0438\u043c\u0430\u0442\u0435\u043b\u044c \u0411\u0435\u043a\u0435\u0442\u043e\u0432 \u0421\u0435\u0440\u0433\u0435\u0439 \u0412\u0438\u043a\u0442\u043e\u0440\u043e\u0432\u0438\u0447",
            "document_type": "",
            "document_date": ""
        }
    },
    {
        "pk": 2,
        "model": "online.orgdetail",
        "fields": {
            "kpp": "",
            "bank_title": "\u041d\u0430\u0437\u0432\u0430\u043d\u0438\u0435 \u0431\u0430\u043d\u043a\u0430\r\n",
            "document_series": "",
            "phones": "",
            "document_number": "",
            "document_organ": "",
            "is_active": true,
            "bank_bik": "2222222222222222",
            "ogrn": "",
            "bank_set_account": "",
            "inn": "1111111111111111",
            "bank_cor_account": "",
            "address": "",
            "document_code": "",
            "org": 2,
            "fulltitle": "\u041f\u043e\u043b\u043d\u043e\u0435 \u043d\u0430\u0437\u0432\u0430\u043d\u0438\u0435 \u043e\u0440\u0433\u0430\u043d\u0438\u0437\u0430\u0446\u0438\u0438 \u041e\u041e\u041e \u041c\u043e\u0441\u043a\u043e\u0432\u0441\u043a\u0438\u0435 \u0431\u0443\u043c\u0430\u0436\u043d\u044b\u0435 \u043a\u043e\u043b\u0431\u0430\u0441\u043a\u0438",
            "document_type": "",
            "document_date": ""
        }
    },
    {
        "pk": 3,
        "model": "online.orgdetail",
        "fields": {
            "kpp": "",
            "bank_title": "",
            "document_series": "",
            "phones": "",
            "document_number": "",
            "document_organ": "",
            "is_active": true,
            "bank_bik": "",
            "ogrn": "",
            "bank_set_account": "",
            "inn": "",
            "bank_cor_account": "",
            "address": "",
            "document_code": "",
            "org": 11,
            "fulltitle": "",
            "document_type": "",
            "document_date": ""
        }
    },
    {
        "pk": 4,
        "model": "online.orgdetail",
        "fields": {
            "kpp": "",
            "bank_title": "",
            "document_series": "",
            "phones": "",
            "document_number": "",
            "document_organ": "",
            "is_active": true,
            "bank_bik": "",
            "ogrn": "",
            "bank_set_account": "",
            "inn": "",
            "bank_cor_account": "",
            "address": "",
            "document_code": "",
            "org": 12,
            "fulltitle": "",
            "document_type": "",
            "document_date": ""
        }
    },
    {
        "pk": 5,
        "model": "online.orgdetail",
        "fields": {
            "kpp": "",
            "bank_title": "",
            "document_series": "",
            "phones": "",
            "document_number": "",
            "document_organ": "",
            "is_active": true,
            "bank_bik": "",
            "ogrn": "",
            "bank_set_account": "",
            "inn": "",
            "bank_cor_account": "",
            "address": "",
            "document_code": "",
            "org": 13,
            "fulltitle": "",
            "document_type": "",
            "document_date": ""
        }
    },
    {
        "pk": 6,
        "model": "online.orgdetail",
        "fields": {
            "kpp": "",
            "bank_title": "",
            "document_series": "",
            "phones": "",
            "document_number": "",
            "document_organ": "",
            "is_active": true,
            "bank_bik": "",
            "ogrn": "",
            "bank_set_account": "",
            "inn": "",
            "bank_cor_account": "",
            "address": "",
            "document_code": "",
            "org": 14,
            "fulltitle": "",
            "document_type": "",
            "document_date": ""
        }
    },
    {
        "pk": 7,
        "model": "online.orgdetail",
        "fields": {
            "kpp": "",
            "bank_title": "",
            "document_series": "",
            "phones": "",
            "document_number": "",
            "document_organ": "",
            "is_active": true,
            "bank_bik": "",
            "ogrn": "",
            "bank_set_account": "",
            "inn": "",
            "bank_cor_account": "",
            "address": "",
            "document_code": "",
            "org": 15,
            "fulltitle": "",
            "document_type": "",
            "document_date": ""
        }
    },
    {
        "pk": 8,
        "model": "online.orgdetail",
        "fields": {
            "kpp": "",
            "bank_title": "",
            "document_series": "",
            "phones": "",
            "document_number": "",
            "document_organ": "",
            "is_active": true,
            "bank_bik": "",
            "ogrn": "",
            "bank_set_account": "",
            "inn": "",
            "bank_cor_account": "",
            "address": "",
            "document_code": "",
            "org": 16,
            "fulltitle": "",
            "document_type": "",
            "document_date": ""
        }
    },
    {
        "pk": 9,
        "model": "online.orgdetail",
        "fields": {
            "kpp": "",
            "bank_title": "",
            "document_series": "",
            "phones": "",
            "document_number": "",
            "document_organ": "",
            "is_active": true,
            "bank_bik": "",
            "ogrn": "",
            "bank_set_account": "",
            "inn": "",
            "bank_cor_account": "",
            "address": "",
            "document_code": "",
            "org": 17,
            "fulltitle": "",
            "document_type": "",
            "document_date": ""
        }
    },
    {
        "pk": 10,
        "model": "online.orgdetail",
        "fields": {
            "kpp": "",
            "bank_title": "",
            "document_series": "",
            "phones": "",
            "document_number": "",
            "document_organ": "",
            "is_active": true,
            "bank_bik": "",
            "ogrn": "",
            "bank_set_account": "",
            "inn": "",
            "bank_cor_account": "",
            "address": "",
            "document_code": "",
            "org": 18,
            "fulltitle": "",
            "document_type": "",
            "document_date": ""
        }
    },
    {
        "pk": 11,
        "model": "online.orgdetail",
        "fields": {
            "kpp": "",
            "bank_title": "",
            "document_series": "",
            "phones": "",
            "document_number": "",
            "document_organ": "",
            "is_active": true,
            "bank_bik": "",
            "ogrn": "",
            "bank_set_account": "",
            "inn": "",
            "bank_cor_account": "",
            "address": "",
            "document_code": "",
            "org": 19,
            "fulltitle": "",
            "document_type": "",
            "document_date": ""
        }
    },
    {
        "pk": 12,
        "model": "online.orgdetail",
        "fields": {
            "kpp": "",
            "bank_title": "",
            "document_series": "",
            "phones": "",
            "document_number": "",
            "document_organ": "",
            "is_active": true,
            "bank_bik": "",
            "ogrn": "",
            "bank_set_account": "",
            "inn": "",
            "bank_cor_account": "",
            "address": "",
            "document_code": "",
            "org": 20,
            "fulltitle": "",
            "document_type": "",
            "document_date": ""
        }
    },
    {
        "pk": 13,
        "model": "online.orgdetail",
        "fields": {
            "kpp": "",
            "bank_title": "",
            "document_series": "",
            "phones": "",
            "document_number": "",
            "document_organ": "",
            "is_active": true,
            "bank_bik": "",
            "ogrn": "",
            "bank_set_account": "",
            "inn": "",
            "bank_cor_account": "",
            "address": "",
            "document_code": "",
            "org": 3,
            "fulltitle": "",
            "document_type": "",
            "document_date": ""
        }
    },
    {
        "pk": 14,
        "model": "online.orgdetail",
        "fields": {
            "kpp": "",
            "bank_title": "",
            "document_series": "",
            "phones": "",
            "document_number": "",
            "document_organ": "",
            "is_active": true,
            "bank_bik": "",
            "ogrn": "",
            "bank_set_account": "",
            "inn": "",
            "bank_cor_account": "",
            "address": "",
            "document_code": "",
            "org": 21,
            "fulltitle": "",
            "document_type": "",
            "document_date": ""
        }
    },
    {
        "pk": 22,
        "model": "online.orgdetail",
        "fields": {
            "kpp": "",
            "bank_title": "",
            "document_series": "",
            "phones": "",
            "document_number": "",
            "document_organ": "",
            "is_active": true,
            "bank_bik": "",
            "ogrn": "",
            "bank_set_account": "",
            "inn": "",
            "bank_cor_account": "",
            "address": "",
            "document_code": "",
            "org": 22,
            "fulltitle": "",
            "document_type": "",
            "document_date": ""
        }
    },
    {
        "pk": 15,
        "model": "online.orgdetail",
        "fields": {
            "kpp": "",
            "bank_title": "",
            "document_series": "",
            "phones": "",
            "document_number": "",
            "document_organ": "",
            "is_active": true,
            "bank_bik": "",
            "ogrn": "",
            "bank_set_account": "",
            "inn": "",
            "bank_cor_account": "",
            "address": "",
            "document_code": "",
            "org": 4,
            "fulltitle": "",
            "document_type": "",
            "document_date": ""
        }
    },
    {
        "pk": 16,
        "model": "online.orgdetail",
        "fields": {
            "kpp": "",
            "bank_title": "",
            "document_series": "",
            "phones": "",
            "document_number": "",
            "document_organ": "",
            "is_active": true,
            "bank_bik": "",
            "ogrn": "",
            "bank_set_account": "",
            "inn": "",
            "bank_cor_account": "",
            "address": "",
            "document_code": "",
            "org": 5,
            "fulltitle": "",
            "document_type": "",
            "document_date": ""
        }
    },
    {
        "pk": 17,
        "model": "online.orgdetail",
        "fields": {
            "kpp": "",
            "bank_title": "",
            "document_series": "",
            "phones": "",
            "document_number": "",
            "document_organ": "",
            "is_active": true,
            "bank_bik": "",
            "ogrn": "",
            "bank_set_account": "",
            "inn": "",
            "bank_cor_account": "",
            "address": "",
            "document_code": "",
            "org": 6,
            "fulltitle": "",
            "document_type": "",
            "document_date": ""
        }
    },
    {
        "pk": 18,
        "model": "online.orgdetail",
        "fields": {
            "kpp": "",
            "bank_title": "",
            "document_series": "",
            "phones": "",
            "document_number": "",
            "document_organ": "",
            "is_active": true,
            "bank_bik": "",
            "ogrn": "",
            "bank_set_account": "",
            "inn": "",
            "bank_cor_account": "",
            "address": "",
            "document_code": "",
            "org": 7,
            "fulltitle": "",
            "document_type": "",
            "document_date": ""
        }
    },
    {
        "pk": 19,
        "model": "online.orgdetail",
        "fields": {
            "kpp": "",
            "bank_title": "",
            "document_series": "",
            "phones": "",
            "document_number": "",
            "document_organ": "",
            "is_active": true,
            "bank_bik": "",
            "ogrn": "",
            "bank_set_account": "",
            "inn": "",
            "bank_cor_account": "",
            "address": "",
            "document_code": "",
            "org": 8,
            "fulltitle": "",
            "document_type": "",
            "document_date": ""
        }
    },
    {
        "pk": 20,
        "model": "online.orgdetail",
        "fields": {
            "kpp": "",
            "bank_title": "",
            "document_series": "",
            "phones": "",
            "document_number": "",
            "document_organ": "",
            "is_active": true,
            "bank_bik": "",
            "ogrn": "",
            "bank_set_account": "",
            "inn": "",
            "bank_cor_account": "",
            "address": "",
            "document_code": "",
            "org": 9,
            "fulltitle": "",
            "document_type": "",
            "document_date": ""
        }
    },
    {
        "pk": 21,
        "model": "online.orgdetail",
        "fields": {
            "kpp": "",
            "bank_title": "",
            "document_series": "",
            "phones": "",
            "document_number": "",
            "document_organ": "",
            "is_active": true,
            "bank_bik": "",
            "ogrn": "",
            "bank_set_account": "",
            "inn": "",
            "bank_cor_account": "",
            "address": "",
            "document_code": "",
            "org": 10,
            "fulltitle": "",
            "document_type": "",
            "document_date": ""
        }
    },
    {
        "pk": 2,
        "model": "online.person",
        "fields": {
            "first_name": "",
            "last_name": "\u0422\u0435\u0441\u0442 \u043a\u043b\u0438\u0435\u043d\u0442",
            "middle_name": "",
            "phones": "",
            "sex": "",
            "org": 2
        }
    },
    {
        "pk": 3,
        "model": "online.person",
        "fields": {
            "first_name": "",
            "last_name": "\u0422\u0435\u0441\u0442 \u043a\u043b\u0438\u0435\u043d\u0442",
            "middle_name": "",
            "phones": "",
            "sex": "",
            "org": null
        }
    },
    {
        "pk": 4,
        "model": "online.person",
        "fields": {
            "first_name": "",
            "last_name": "\u0422\u0435\u0441\u0442 \u043a\u043b\u0438\u0435\u043d\u0442",
            "middle_name": "",
            "phones": "",
            "sex": "",
            "org": null
        }
    },
    {
        "pk": 5,
        "model": "online.person",
        "fields": {
            "first_name": "",
            "last_name": "\u0422\u0435\u0441\u0442 \u043a\u043b\u0438\u0435\u043d\u0442",
            "middle_name": "",
            "phones": "",
            "sex": "",
            "org": null
        }
    },
    {
        "pk": 6,
        "model": "online.person",
        "fields": {
            "first_name": "",
            "last_name": "\u0422\u0435\u0441\u0442 \u043a\u043b\u0438\u0435\u043d\u0442",
            "middle_name": "",
            "phones": "",
            "sex": "",
            "org": null
        }
    },
    {
        "pk": 7,
        "model": "online.person",
        "fields": {
            "first_name": "",
            "last_name": "\u0422\u0435\u0441\u0442 \u043a\u043b\u0438\u0435\u043d\u0442",
            "middle_name": "",
            "phones": "",
            "sex": "",
            "org": null
        }
    },
    {
        "pk": 8,
        "model": "online.person",
        "fields": {
            "first_name": "",
            "last_name": "\u0422\u0435\u0441\u0442 \u043a\u043b\u0438\u0435\u043d\u0442",
            "middle_name": "",
            "phones": "",
            "sex": "",
            "org": null
        }
    },
    {
        "pk": 9,
        "model": "online.person",
        "fields": {
            "first_name": "",
            "last_name": "\u0422\u0435\u0441\u0442 \u043a\u043b\u0438\u0435\u043d\u0442",
            "middle_name": "",
            "phones": "",
            "sex": "",
            "org": null
        }
    },
    {
        "pk": 10,
        "model": "online.person",
        "fields": {
            "first_name": "",
            "last_name": "\u0422\u0435\u0441\u0442 \u043a\u043b\u0438\u0435\u043d\u0442",
            "middle_name": "",
            "phones": "",
            "sex": "",
            "org": null
        }
    },
    {
        "pk": 11,
        "model": "online.person",
        "fields": {
            "first_name": "",
            "last_name": "\u0422\u0435\u0441\u0442 \u043a\u043b\u0438\u0435\u043d\u0442",
            "middle_name": "",
            "phones": "",
            "sex": "",
            "org": null
        }
    },
    {
        "pk": 12,
        "model": "online.person",
        "fields": {
            "first_name": "",
            "last_name": "\u0422\u0435\u0441\u0442 \u043a\u043b\u0438\u0435\u043d\u0442",
            "middle_name": "",
            "phones": "",
            "sex": "",
            "org": null
        }
    },
    {
        "pk": 13,
        "model": "online.person",
        "fields": {
            "first_name": "",
            "last_name": "\u0422\u0435\u0441\u0442 \u043a\u043b\u0438\u0435\u043d\u0442",
            "middle_name": "",
            "phones": "",
            "sex": "",
            "org": null
        }
    },
    {
        "pk": 1,
        "model": "online.person",
        "fields": {
            "first_name": "\u0422\u0435\u0441\u0442 \u043a\u043b\u0438\u0435\u043d\u0442",
            "last_name": "\u0422\u0435\u0441\u0442 \u043a\u043b\u0438\u0435\u043d\u0442",
            "middle_name": "\u0422\u0435\u0441\u0442 \u043a\u043b\u0438\u0435\u043d\u0442",
            "phones": "\u0422\u0435\u0441\u0442 \u043a\u043b\u0438\u0435\u043d\u0442",
            "sex": "",
            "org": null
        }
    },
    {
        "pk": 2,
        "model": "online.persondetail",
        "fields": {
            "residence_sity": "",
            "document_series": "",
            "residence_case": "",
            "residence_country": "",
            "birth_country": "",
            "birth_day": null,
            "document_date": "",
            "residence_apartment": "",
            "birth_area": "",
            "document_number": "",
            "document_organ": "",
            "birth_sity": "",
            "residence_street": "",
            "residence_sitizenship": "",
            "residence_region": "",
            "is_active": true,
            "birth_region": "",
            "birth_settlement": "",
            "document_code": "",
            "document_type": "",
            "residence_house": "",
            "residence_settlement": "",
            "person": 2,
            "residence_area": ""
        }
    },
    {
        "pk": 3,
        "model": "online.persondetail",
        "fields": {
            "residence_sity": "",
            "document_series": "",
            "residence_case": "",
            "residence_country": "",
            "birth_country": "",
            "birth_day": null,
            "document_date": "",
            "residence_apartment": "",
            "birth_area": "",
            "document_number": "",
            "document_organ": "",
            "birth_sity": "",
            "residence_street": "",
            "residence_sitizenship": "",
            "residence_region": "",
            "is_active": true,
            "birth_region": "",
            "birth_settlement": "",
            "document_code": "",
            "document_type": "",
            "residence_house": "",
            "residence_settlement": "",
            "person": 3,
            "residence_area": ""
        }
    },
    {
        "pk": 4,
        "model": "online.persondetail",
        "fields": {
            "residence_sity": "",
            "document_series": "",
            "residence_case": "",
            "residence_country": "",
            "birth_country": "",
            "birth_day": null,
            "document_date": "",
            "residence_apartment": "",
            "birth_area": "",
            "document_number": "",
            "document_organ": "",
            "birth_sity": "",
            "residence_street": "",
            "residence_sitizenship": "",
            "residence_region": "",
            "is_active": true,
            "birth_region": "",
            "birth_settlement": "",
            "document_code": "",
            "document_type": "",
            "residence_house": "",
            "residence_settlement": "",
            "person": 4,
            "residence_area": ""
        }
    },
    {
        "pk": 5,
        "model": "online.persondetail",
        "fields": {
            "residence_sity": "",
            "document_series": "",
            "residence_case": "",
            "residence_country": "",
            "birth_country": "",
            "birth_day": null,
            "document_date": "",
            "residence_apartment": "",
            "birth_area": "",
            "document_number": "",
            "document_organ": "",
            "birth_sity": "",
            "residence_street": "",
            "residence_sitizenship": "",
            "residence_region": "",
            "is_active": true,
            "birth_region": "",
            "birth_settlement": "",
            "document_code": "",
            "document_type": "",
            "residence_house": "",
            "residence_settlement": "",
            "person": 5,
            "residence_area": ""
        }
    },
    {
        "pk": 6,
        "model": "online.persondetail",
        "fields": {
            "residence_sity": "",
            "document_series": "",
            "residence_case": "",
            "residence_country": "",
            "birth_country": "",
            "birth_day": null,
            "document_date": "",
            "residence_apartment": "",
            "birth_area": "",
            "document_number": "",
            "document_organ": "",
            "birth_sity": "",
            "residence_street": "",
            "residence_sitizenship": "",
            "residence_region": "",
            "is_active": true,
            "birth_region": "",
            "birth_settlement": "",
            "document_code": "",
            "document_type": "",
            "residence_house": "",
            "residence_settlement": "",
            "person": 6,
            "residence_area": ""
        }
    },
    {
        "pk": 7,
        "model": "online.persondetail",
        "fields": {
            "residence_sity": "",
            "document_series": "",
            "residence_case": "",
            "residence_country": "",
            "birth_country": "",
            "birth_day": null,
            "document_date": "",
            "residence_apartment": "",
            "birth_area": "",
            "document_number": "",
            "document_organ": "",
            "birth_sity": "",
            "residence_street": "",
            "residence_sitizenship": "",
            "residence_region": "",
            "is_active": true,
            "birth_region": "",
            "birth_settlement": "",
            "document_code": "",
            "document_type": "",
            "residence_house": "",
            "residence_settlement": "",
            "person": 7,
            "residence_area": ""
        }
    },
    {
        "pk": 8,
        "model": "online.persondetail",
        "fields": {
            "residence_sity": "",
            "document_series": "dgfgd",
            "residence_case": "",
            "residence_country": "",
            "birth_country": "",
            "birth_day": null,
            "document_date": "",
            "residence_apartment": "",
            "birth_area": "",
            "document_number": "",
            "document_organ": "",
            "birth_sity": "",
            "residence_street": "",
            "residence_sitizenship": "",
            "residence_region": "",
            "is_active": true,
            "birth_region": "",
            "birth_settlement": "",
            "document_code": "",
            "document_type": "",
            "residence_house": "",
            "residence_settlement": "",
            "person": 10,
            "residence_area": ""
        }
    },
    {
        "pk": 9,
        "model": "online.persondetail",
        "fields": {
            "residence_sity": "",
            "document_series": "",
            "residence_case": "",
            "residence_country": "",
            "birth_country": "",
            "birth_day": null,
            "document_date": "",
            "residence_apartment": "",
            "birth_area": "",
            "document_number": "dsfdfsdf",
            "document_organ": "",
            "birth_sity": "asdasd",
            "residence_street": "",
            "residence_sitizenship": "",
            "residence_region": "",
            "is_active": true,
            "birth_region": "",
            "birth_settlement": "",
            "document_code": "",
            "document_type": "",
            "residence_house": "",
            "residence_settlement": "",
            "person": 11,
            "residence_area": ""
        }
    },
    {
        "pk": 10,
        "model": "online.persondetail",
        "fields": {
            "residence_sity": "",
            "document_series": "",
            "residence_case": "",
            "residence_country": "",
            "birth_country": "",
            "birth_day": null,
            "document_date": "",
            "residence_apartment": "",
            "birth_area": "",
            "document_number": "",
            "document_organ": "",
            "birth_sity": "",
            "residence_street": "",
            "residence_sitizenship": "",
            "residence_region": "",
            "is_active": true,
            "birth_region": "",
            "birth_settlement": "",
            "document_code": "1212313",
            "document_type": "",
            "residence_house": "",
            "residence_settlement": "",
            "person": 12,
            "residence_area": ""
        }
    },
    {
        "pk": 11,
        "model": "online.persondetail",
        "fields": {
            "residence_sity": "",
            "document_series": "",
            "residence_case": "",
            "residence_country": "",
            "birth_country": "",
            "birth_day": null,
            "document_date": "",
            "residence_apartment": "",
            "birth_area": "",
            "document_number": "",
            "document_organ": "",
            "birth_sity": "",
            "residence_street": "",
            "residence_sitizenship": "",
            "residence_region": "",
            "is_active": true,
            "birth_region": "",
            "birth_settlement": "",
            "document_code": "",
            "document_type": "",
            "residence_house": "",
            "residence_settlement": "",
            "person": 13,
            "residence_area": ""
        }
    },
    {
        "pk": 1,
        "model": "online.persondetail",
        "fields": {
            "residence_sity": "",
            "document_series": "",
            "residence_case": "",
            "residence_country": "",
            "birth_country": "",
            "birth_day": null,
            "document_date": "",
            "residence_apartment": "",
            "birth_area": "",
            "document_number": "",
            "document_organ": "",
            "birth_sity": "",
            "residence_street": "",
            "residence_sitizenship": "\u0420\u043e\u0441\u0441\u0438\u044f",
            "residence_region": "",
            "is_active": true,
            "birth_region": "",
            "birth_settlement": "",
            "document_code": "",
            "document_type": "",
            "residence_house": "",
            "residence_settlement": "",
            "person": 1,
            "residence_area": ""
        }
    },
    {
        "pk": 1,
        "model": "online.category",
        "fields": {
            "title": "Hotel"
        }
    },
    {
        "pk": 2,
        "model": "online.category",
        "fields": {
            "title": "Sauna"
        }
    },
    {
        "pk": 3,
        "model": "online.category",
        "fields": {
            "title": "Kitchen"
        }
    },
    {
        "pk": 4,
        "model": "online.category",
        "fields": {
            "title": "Parking"
        }
    },
    {
        "pk": 9,
        "model": "online.service",
        "fields": {
            "category": 4,
            "is_rooms": false,
            "is_reserved": false,
            "is_on_time": true,
            "title": "\u0410\u0432\u0442\u043e\u0441\u0442\u043e\u044f\u043d\u043a\u0430"
        }
    },
    {
        "pk": 12,
        "model": "online.service",
        "fields": {
            "category": 1,
            "is_rooms": true,
            "is_reserved": true,
            "is_on_time": true,
            "title": "\u0414\u043e\u043c\u0438\u043a"
        }
    },
    {
        "pk": 4,
        "model": "online.service",
        "fields": {
            "category": 2,
            "is_rooms": false,
            "is_reserved": false,
            "is_on_time": false,
            "title": "\u0414\u043e\u043f\u043b\u0430\u0442\u0430 \u0437\u0430 \u0447\u0435\u043b\u043e\u0432\u0435\u043a\u0430"
        }
    },
    {
        "pk": 13,
        "model": "online.service",
        "fields": {
            "category": 1,
            "is_rooms": false,
            "is_reserved": true,
            "is_on_time": true,
            "title": "\u0414\u043e\u043f\u043e\u043b\u043d\u0438\u0442\u0435\u043b\u044c\u043d\u043e\u0435 \u043c\u0435\u0441\u0442\u043e"
        }
    },
    {
        "pk": 5,
        "model": "online.service",
        "fields": {
            "category": 3,
            "is_rooms": false,
            "is_reserved": false,
            "is_on_time": false,
            "title": "\u0417\u0430\u0432\u0442\u0440\u0430\u043a"
        }
    },
    {
        "pk": 8,
        "model": "online.service",
        "fields": {
            "category": 3,
            "is_rooms": false,
            "is_reserved": false,
            "is_on_time": false,
            "title": "\u041a\u043e\u043c\u043f\u043b\u0435\u043a\u0441"
        }
    },
    {
        "pk": 1,
        "model": "online.service",
        "fields": {
            "category": 1,
            "is_rooms": true,
            "is_reserved": true,
            "is_on_time": true,
            "title": "\u041b\u044e\u043a\u0441"
        }
    },
    {
        "pk": 6,
        "model": "online.service",
        "fields": {
            "category": 3,
            "is_rooms": false,
            "is_reserved": false,
            "is_on_time": false,
            "title": "\u041e\u0431\u0435\u0434"
        }
    },
    {
        "pk": 2,
        "model": "online.service",
        "fields": {
            "category": 1,
            "is_rooms": true,
            "is_reserved": true,
            "is_on_time": true,
            "title": "\u041f\u043e\u043b\u0443\u043b\u044e\u043a\u0441"
        }
    },
    {
        "pk": 3,
        "model": "online.service",
        "fields": {
            "category": 2,
            "is_rooms": false,
            "is_reserved": true,
            "is_on_time": true,
            "title": "\u0421\u0430\u0443\u043d\u0430"
        }
    },
    {
        "pk": 10,
        "model": "online.service",
        "fields": {
            "category": 1,
            "is_rooms": true,
            "is_reserved": true,
            "is_on_time": true,
            "title": "\u0421\u0442\u0430\u043d\u0434\u0430\u0440\u0442"
        }
    },
    {
        "pk": 14,
        "model": "online.service",
        "fields": {
            "category": 4,
            "is_rooms": false,
            "is_reserved": false,
            "is_on_time": true,
            "title": "\u0422\u0451\u043f\u043b\u0430\u044f"
        }
    },
    {
        "pk": 7,
        "model": "online.service",
        "fields": {
            "category": 3,
            "is_rooms": false,
            "is_reserved": false,
            "is_on_time": false,
            "title": "\u0423\u0436\u0438\u043d"
        }
    },
    {
        "pk": 11,
        "model": "online.service",
        "fields": {
            "category": 1,
            "is_rooms": true,
            "is_reserved": true,
            "is_on_time": true,
            "title": "\u042d\u043a\u043e\u043d\u043e\u043c"
        }
    },
    {
        "pk": 18,
        "model": "online.room",
        "fields": {
            "num": 18,
            "service": 12
        }
    },
    {
        "pk": 1,
        "model": "online.room",
        "fields": {
            "num": 1,
            "service": 1
        }
    },
    {
        "pk": 2,
        "model": "online.room",
        "fields": {
            "num": 2,
            "service": 1
        }
    },
    {
        "pk": 3,
        "model": "online.room",
        "fields": {
            "num": 3,
            "service": 1
        }
    },
    {
        "pk": 4,
        "model": "online.room",
        "fields": {
            "num": 4,
            "service": 1
        }
    },
    {
        "pk": 5,
        "model": "online.room",
        "fields": {
            "num": 5,
            "service": 1
        }
    },
    {
        "pk": 6,
        "model": "online.room",
        "fields": {
            "num": 6,
            "service": 1
        }
    },
    {
        "pk": 7,
        "model": "online.room",
        "fields": {
            "num": 7,
            "service": 1
        }
    },
    {
        "pk": 8,
        "model": "online.room",
        "fields": {
            "num": 8,
            "service": 2
        }
    },
    {
        "pk": 9,
        "model": "online.room",
        "fields": {
            "num": 9,
            "service": 2
        }
    },
    {
        "pk": 10,
        "model": "online.room",
        "fields": {
            "num": 10,
            "service": 2
        }
    },
    {
        "pk": 11,
        "model": "online.room",
        "fields": {
            "num": 11,
            "service": 2
        }
    },
    {
        "pk": 12,
        "model": "online.room",
        "fields": {
            "num": 12,
            "service": 2
        }
    },
    {
        "pk": 13,
        "model": "online.room",
        "fields": {
            "num": 13,
            "service": 2
        }
    },
    {
        "pk": 14,
        "model": "online.room",
        "fields": {
            "num": 14,
            "service": 2
        }
    },
    {
        "pk": 15,
        "model": "online.room",
        "fields": {
            "num": 15,
            "service": 2
        }
    },
    {
        "pk": 16,
        "model": "online.room",
        "fields": {
            "num": 16,
            "service": 2
        }
    },
    {
        "pk": 17,
        "model": "online.room",
        "fields": {
            "num": 17,
            "service": 2
        }
    },
    {
        "pk": 7,
        "model": "online.price",
        "fields": {
            "updated": "2012-07-30T08:42:47.277",
            "service": 12,
            "created": "2012-07-30T08:42:47.277",
            "price": "4000",
            "is_active": true,
            "divider": 1,
            "start_date": "2012-07-01"
        }
    },
    {
        "pk": 8,
        "model": "online.price",
        "fields": {
            "updated": "2012-07-30T08:43:56.755",
            "service": 13,
            "created": "2012-07-30T08:43:56.755",
            "price": "600",
            "is_active": true,
            "divider": 1,
            "start_date": "2012-07-01"
        }
    },
    {
        "pk": 1,
        "model": "online.price",
        "fields": {
            "updated": "2012-07-30T08:39:09.777",
            "service": 1,
            "created": "2012-07-25T02:26:54.365",
            "price": "3400",
            "is_active": true,
            "divider": 1,
            "start_date": "2012-07-01"
        }
    },
    {
        "pk": 2,
        "model": "online.price",
        "fields": {
            "updated": "2012-07-30T08:40:15.874",
            "service": 1,
            "created": "2012-07-25T02:27:23.806",
            "price": "150",
            "is_active": true,
            "divider": 2,
            "start_date": "2012-07-01"
        }
    },
    {
        "pk": 3,
        "model": "online.price",
        "fields": {
            "updated": "2012-07-30T08:40:48.153",
            "service": 2,
            "created": "2012-07-30T08:13:09.255",
            "price": "2400",
            "is_active": true,
            "divider": 1,
            "start_date": "2012-07-01"
        }
    },
    {
        "pk": 4,
        "model": "online.price",
        "fields": {
            "updated": "2012-07-30T08:41:06.995",
            "service": 2,
            "created": "2012-07-30T08:41:06.995",
            "price": "100",
            "is_active": true,
            "divider": 2,
            "start_date": "2012-07-01"
        }
    },
    {
        "pk": 5,
        "model": "online.price",
        "fields": {
            "updated": "2012-07-30T08:41:49.006",
            "service": 10,
            "created": "2012-07-30T08:41:49.006",
            "price": "4500",
            "is_active": true,
            "divider": 1,
            "start_date": "2012-07-01"
        }
    },
    {
        "pk": 6,
        "model": "online.price",
        "fields": {
            "updated": "2012-07-30T08:42:15.482",
            "service": 11,
            "created": "2012-07-30T08:42:15.482",
            "price": "5600",
            "is_active": true,
            "divider": 1,
            "start_date": "2012-07-01"
        }
    },
    {
        "pk": 14,
        "model": "online.price",
        "fields": {
            "updated": "2012-07-30T08:58:24.679",
            "service": 5,
            "created": "2012-07-30T08:58:24.679",
            "price": "200",
            "is_active": true,
            "divider": null,
            "start_date": "2012-07-01"
        }
    },
    {
        "pk": 17,
        "model": "online.price",
        "fields": {
            "updated": "2012-07-30T09:01:56.707",
            "service": 8,
            "created": "2012-07-30T09:01:56.707",
            "price": "750",
            "is_active": true,
            "divider": null,
            "start_date": "2012-07-01"
        }
    },
    {
        "pk": 15,
        "model": "online.price",
        "fields": {
            "updated": "2012-07-30T08:59:42.117",
            "service": 6,
            "created": "2012-07-30T08:59:42.117",
            "price": "400",
            "is_active": true,
            "divider": null,
            "start_date": "2012-07-01"
        }
    },
    {
        "pk": 16,
        "model": "online.price",
        "fields": {
            "updated": "2012-07-30T09:00:09.398",
            "service": 7,
            "created": "2012-07-30T09:00:09.398",
            "price": "150",
            "is_active": true,
            "divider": null,
            "start_date": "2012-07-01"
        }
    },
    {
        "pk": 9,
        "model": "online.price",
        "fields": {
            "updated": "2012-07-30T08:52:48.156",
            "service": 9,
            "created": "2012-07-30T08:52:48.156",
            "price": "100",
            "is_active": true,
            "divider": 1,
            "start_date": "2012-07-01"
        }
    },
    {
        "pk": 11,
        "model": "online.price",
        "fields": {
            "updated": "2012-07-30T08:56:21.792",
            "service": 14,
            "created": "2012-07-30T08:56:21.792",
            "price": "200",
            "is_active": true,
            "divider": 1,
            "start_date": "2012-07-01"
        }
    },
    {
        "pk": 13,
        "model": "online.price",
        "fields": {
            "updated": "2012-07-30T08:57:35.907",
            "service": 14,
            "created": "2012-07-30T08:57:35.907",
            "price": "5000",
            "is_active": true,
            "divider": 3,
            "start_date": "2012-07-01"
        }
    },
    {
        "pk": 12,
        "model": "online.price",
        "fields": {
            "updated": "2012-07-30T08:57:06.191",
            "service": 4,
            "created": "2012-07-30T08:57:06.191",
            "price": "100",
            "is_active": true,
            "divider": 2,
            "start_date": "2012-07-01"
        }
    },
    {
        "pk": 10,
        "model": "online.price",
        "fields": {
            "updated": "2012-07-30T08:56:47.268",
            "service": 3,
            "created": "2012-07-30T08:53:13.475",
            "price": "1000",
            "is_active": true,
            "divider": 2,
            "start_date": "2012-07-01"
        }
    },
    {
        "pk": 1,
        "model": "online.reservation",
        "fields": {
            "expired_days": 0,
            "percent": "0.1",
            "title": "\u041e\u0431\u044b\u0447\u043d\u043e\u0435"
        }
    },
    {
        "pk": 3,
        "model": "online.order",
        "fields": {
            "comment": "",
            "updated": "2012-07-30T10:44:44.104",
            "other_persons": [],
            "created": "2012-07-30T10:44:44.104",
            "person": 1,
            "state": 1,
            "user": 1,
            "attributes": []
        }
    },
    {
        "pk": 2,
        "model": "online.order",
        "fields": {
            "comment": "",
            "updated": "2012-07-30T06:19:35.467",
            "other_persons": [],
            "created": "2012-07-30T06:19:35.467",
            "person": 2,
            "state": 1,
            "user": 1,
            "attributes": []
        }
    },
    {
        "pk": 1,
        "model": "online.order",
        "fields": {
            "comment": "",
            "updated": "2012-07-30T06:16:48.682",
            "other_persons": [],
            "created": "2012-07-30T06:16:48.682",
            "person": 2,
            "state": 1,
            "user": 1,
            "attributes": []
        }
    },
    {
        "pk": 4,
        "model": "online.specification",
        "fields": {
            "count": 1,
            "updated": "2012-07-30T10:44:44.136",
            "end": "2012-07-31T10:44:44.135",
            "room": 1,
            "created": "2012-07-30T10:44:44.136",
            "price": 1,
            "start": "2012-07-30T10:44:44.135",
            "reservation": null,
            "order": 3
        }
    },
    {
        "pk": 3,
        "model": "online.specification",
        "fields": {
            "count": 3,
            "updated": "2012-07-30T09:16:44.203",
            "end": "2012-07-30T12:16:44.203",
            "room": null,
            "created": "2012-07-30T09:16:44.203",
            "price": 10,
            "start": "2012-07-30T09:16:44.203",
            "reservation": null,
            "order": 2
        }
    },
    {
        "pk": 2,
        "model": "online.specification",
        "fields": {
            "count": 10,
            "updated": "2012-07-30T09:13:47.488",
            "end": "2012-08-09T09:13:47.488",
            "room": null,
            "created": "2012-07-30T09:13:47.488",
            "price": 8,
            "start": "2012-07-30T09:13:47.488",
            "reservation": null,
            "order": 2
        }
    },
    {
        "pk": 1,
        "model": "online.specification",
        "fields": {
            "count": 12,
            "updated": "2012-07-30T06:19:35.493",
            "end": "2012-08-11T06:19:35.492",
            "room": 1,
            "created": "2012-07-30T06:19:35.493",
            "price": 1,
            "start": "2012-07-30T06:19:35.492",
            "reservation": null,
            "order": 2
        }
    }
]