[
    {
        "pk": 1,
        "model": "app.org",
        "fields": {
            "is_seller": true,
            "title": "\u0413\u043e\u0441\u0442\u0438\u043d\u0438\u0446\u0430 \u00ab\u0411\u0430\u0440\u0431\u0430\u0440\u0438\u0441\u00bb"
        }
    },
    {
        "pk": 1,
        "model": "app.orgdetail",
        "fields": {
            "kpp": "",
            "bank_title": "\u041e\u0410\u041e \"\u041d\u041e\u041c\u041e\u0421-\u0420\u0415\u0413\u0418\u041e\u0411\u0410\u041d\u041a\" \u0413. \u0425\u0410\u0411\u0410\u0420\u041e\u0412\u0421\u041a",
            "document_series": "",
            "phones": "",
            "document_number": "",
            "document_organ": "",
            "is_active": true,
            "bank_bik": "040813737",
            "ogrn": "",
            "bank_set_account": "40802810308020061574",
            "inn": "790153009857",
            "bank_cor_account": "30101810500000000737",
            "address": "679000, \u0415\u0432\u0440\u0435\u0439\u0441\u043a\u0430\u044f \u0410\u043e\u0431\u043b, \u0411\u0438\u0440\u043e\u0431\u0438\u0434\u0436\u0430\u043d \u0433, \u041e\u0441\u0435\u043d\u043d\u044f\u044f \u0443\u043b, \u0434\u043e\u043c \u2116 31, \u043a\u0432.89",
            "document_code": "",
            "org": 1,
            "fulltitle": "\u0418\u043d\u0434\u0438\u0432\u0438\u0434\u0443\u0430\u043b\u044c\u043d\u044b\u0439 \u043f\u0440\u0435\u0434\u043f\u0440\u0438\u043d\u0438\u043c\u0430\u0442\u0435\u043b\u044c \u0411\u0435\u043a\u0435\u0442\u043e\u0432 \u0421\u0435\u0440\u0433\u0435\u0439 \u0412\u0438\u043a\u0442\u043e\u0440\u043e\u0432\u0438\u0447",
            "document_type": "",
            "document_date": ""
        }
    },
    {
        "pk": 1,
        "model": "app.category",
        "fields": {
            "title": "Hotel"
        }
    },
    {
        "pk": 2,
        "model": "app.category",
        "fields": {
            "title": "Sauna"
        }
    },
    {
        "pk": 3,
        "model": "app.category",
        "fields": {
            "title": "Kitchen"
        }
    },
    {
        "pk": 4,
        "model": "app.category",
        "fields": {
            "title": "Parking"
        }
    },
    {
        "pk": 12,
        "model": "app.service",
        "fields": {
            "category": 1,
            "is_rooms": true,
            "is_reserved": true,
            "is_on_time": true,
            "title": "\u0414\u043e\u043c\u0438\u043a"
        }
    },
    {
        "pk": 4,
        "model": "app.service",
        "fields": {
            "category": 2,
            "is_rooms": false,
            "is_reserved": false,
            "is_on_time": false,
            "title": "\u0414\u043e\u043f\u043b\u0430\u0442\u0430 \u0437\u0430 \u0447\u0435\u043b\u043e\u0432\u0435\u043a\u0430"
        }
    },
    {
        "pk": 13,
        "model": "app.service",
        "fields": {
            "category": 1,
            "is_rooms": false,
            "is_reserved": true,
            "is_on_time": true,
            "title": "\u0414\u043e\u043f\u043e\u043b\u043d\u0438\u0442\u0435\u043b\u044c\u043d\u043e\u0435 \u043c\u0435\u0441\u0442\u043e"
        }
    },
    {
        "pk": 5,
        "model": "app.service",
        "fields": {
            "category": 3,
            "is_rooms": false,
            "is_reserved": false,
            "is_on_time": false,
            "title": "\u0417\u0430\u0432\u0442\u0440\u0430\u043a"
        }
    },
    {
        "pk": 8,
        "model": "app.service",
        "fields": {
            "category": 3,
            "is_rooms": false,
            "is_reserved": false,
            "is_on_time": false,
            "title": "\u041a\u043e\u043c\u043f\u043b\u0435\u043a\u0441"
        }
    },
    {
        "pk": 1,
        "model": "app.service",
        "fields": {
            "category": 1,
            "is_rooms": true,
            "is_reserved": true,
            "is_on_time": true,
            "title": "\u041b\u044e\u043a\u0441"
        }
    },
    {
        "pk": 6,
        "model": "app.service",
        "fields": {
            "category": 3,
            "is_rooms": false,
            "is_reserved": false,
            "is_on_time": false,
            "title": "\u041e\u0431\u0435\u0434"
        }
    },
    {
        "pk": 2,
        "model": "app.service",
        "fields": {
            "category": 1,
            "is_rooms": true,
            "is_reserved": true,
            "is_on_time": true,
            "title": "\u041f\u043e\u043b\u0443\u043b\u044e\u043a\u0441"
        }
    },
    {
        "pk": 15,
        "model": "app.service",
        "fields": {
            "category": 1,
            "is_rooms": true,
            "is_reserved": true,
            "is_on_time": true,
            "title": "\u041f\u043e\u043b\u0443\u043b\u044e\u043a\u0441 +"
        }
    },
    {
        "pk": 3,
        "model": "app.service",
        "fields": {
            "category": 2,
            "is_rooms": false,
            "is_reserved": true,
            "is_on_time": true,
            "title": "\u0421\u0430\u0443\u043d\u0430"
        }
    },
    {
        "pk": 10,
        "model": "app.service",
        "fields": {
            "category": 1,
            "is_rooms": true,
            "is_reserved": true,
            "is_on_time": true,
            "title": "\u0421\u0442\u0430\u043d\u0434\u0430\u0440\u0442"
        }
    },
    {
        "pk": 14,
        "model": "app.service",
        "fields": {
            "category": 4,
            "is_rooms": false,
            "is_reserved": false,
            "is_on_time": true,
            "title": "\u0422\u0451\u043f\u043b\u0430\u044f"
        }
    },
    {
        "pk": 7,
        "model": "app.service",
        "fields": {
            "category": 3,
            "is_rooms": false,
            "is_reserved": false,
            "is_on_time": false,
            "title": "\u0423\u0436\u0438\u043d"
        }
    },
    {
        "pk": 9,
        "model": "app.service",
        "fields": {
            "category": 4,
            "is_rooms": false,
            "is_reserved": false,
            "is_on_time": true,
            "title": "\u0425\u043e\u043b\u043e\u0434\u043d\u0430\u044f"
        }
    },
    {
        "pk": 11,
        "model": "app.service",
        "fields": {
            "category": 1,
            "is_rooms": true,
            "is_reserved": true,
            "is_on_time": true,
            "title": "\u042d\u043a\u043e\u043d\u043e\u043c"
        }
    },
    {
        "pk": 17,
        "model": "app.room",
        "fields": {
            "num": 17,
            "service": 12
        }
    },
    {
        "pk": 3,
        "model": "app.room",
        "fields": {
            "num": 3,
            "service": 1
        }
    },
    {
        "pk": 9,
        "model": "app.room",
        "fields": {
            "num": 9,
            "service": 1
        }
    },
    {
        "pk": 12,
        "model": "app.room",
        "fields": {
            "num": 12,
            "service": 1
        }
    },
    {
        "pk": 15,
        "model": "app.room",
        "fields": {
            "num": 15,
            "service": 1
        }
    },
    {
        "pk": 2,
        "model": "app.room",
        "fields": {
            "num": 2,
            "service": 2
        }
    },
    {
        "pk": 4,
        "model": "app.room",
        "fields": {
            "num": 4,
            "service": 2
        }
    },
    {
        "pk": 5,
        "model": "app.room",
        "fields": {
            "num": 5,
            "service": 2
        }
    },
    {
        "pk": 6,
        "model": "app.room",
        "fields": {
            "num": 6,
            "service": 2
        }
    },
    {
        "pk": 7,
        "model": "app.room",
        "fields": {
            "num": 7,
            "service": 2
        }
    },
    {
        "pk": 8,
        "model": "app.room",
        "fields": {
            "num": 8,
            "service": 2
        }
    },
    {
        "pk": 10,
        "model": "app.room",
        "fields": {
            "num": 10,
            "service": 2
        }
    },
    {
        "pk": 14,
        "model": "app.room",
        "fields": {
            "num": 14,
            "service": 2
        }
    },
    {
        "pk": 16,
        "model": "app.room",
        "fields": {
            "num": 16,
            "service": 2
        }
    },
    {
        "pk": 1,
        "model": "app.room",
        "fields": {
            "num": 1,
            "service": 15
        }
    },
    {
        "pk": 11,
        "model": "app.room",
        "fields": {
            "num": 11,
            "service": 10
        }
    },
    {
        "pk": 13,
        "model": "app.room",
        "fields": {
            "num": 13,
            "service": 10
        }
    },
    {
        "pk": 7,
        "model": "app.price",
        "fields": {
            "updated": "2012-07-30T08:42:47.277",
            "service": 12,
            "created": "2012-07-30T08:42:47.277",
            "price": "4000",
            "is_active": true,
            "divider": 1,
            "start_date": "2012-07-01"
        }
    },
    {
        "pk": 8,
        "model": "app.price",
        "fields": {
            "updated": "2012-07-30T08:43:56.755",
            "service": 13,
            "created": "2012-07-30T08:43:56.755",
            "price": "600",
            "is_active": true,
            "divider": 1,
            "start_date": "2012-07-01"
        }
    },
    {
        "pk": 1,
        "model": "app.price",
        "fields": {
            "updated": "2012-07-30T08:39:09.777",
            "service": 1,
            "created": "2012-07-25T02:26:54.365",
            "price": "3400",
            "is_active": true,
            "divider": 1,
            "start_date": "2012-07-01"
        }
    },
    {
        "pk": 2,
        "model": "app.price",
        "fields": {
            "updated": "2012-07-30T08:40:15.874",
            "service": 1,
            "created": "2012-07-25T02:27:23.806",
            "price": "150",
            "is_active": true,
            "divider": 2,
            "start_date": "2012-07-01"
        }
    },
    {
        "pk": 3,
        "model": "app.price",
        "fields": {
            "updated": "2012-07-30T08:40:48.153",
            "service": 2,
            "created": "2012-07-30T08:13:09.255",
            "price": "2400",
            "is_active": true,
            "divider": 1,
            "start_date": "2012-07-01"
        }
    },
    {
        "pk": 4,
        "model": "app.price",
        "fields": {
            "updated": "2012-07-30T08:41:06.995",
            "service": 2,
            "created": "2012-07-30T08:41:06.995",
            "price": "100",
            "is_active": true,
            "divider": 2,
            "start_date": "2012-07-01"
        }
    },
    {
        "pk": 18,
        "model": "app.price",
        "fields": {
            "updated": "2012-08-24T12:58:22.495",
            "service": 15,
            "created": "2012-08-24T12:58:22.495",
            "price": "3000",
            "is_active": true,
            "divider": 1,
            "start_date": "2012-07-01"
        }
    },
    {
        "pk": 19,
        "model": "app.price",
        "fields": {
            "updated": "2012-08-24T12:58:36.108",
            "service": 15,
            "created": "2012-08-24T12:58:36.108",
            "price": "125",
            "is_active": true,
            "divider": 2,
            "start_date": "2012-07-01"
        }
    },
    {
        "pk": 5,
        "model": "app.price",
        "fields": {
            "updated": "2012-07-30T08:41:49.006",
            "service": 10,
            "created": "2012-07-30T08:41:49.006",
            "price": "4500",
            "is_active": true,
            "divider": 1,
            "start_date": "2012-07-01"
        }
    },
    {
        "pk": 6,
        "model": "app.price",
        "fields": {
            "updated": "2012-07-30T08:42:15.482",
            "service": 11,
            "created": "2012-07-30T08:42:15.482",
            "price": "5600",
            "is_active": true,
            "divider": 1,
            "start_date": "2012-07-01"
        }
    },
    {
        "pk": 14,
        "model": "app.price",
        "fields": {
            "updated": "2012-07-30T08:58:24.679",
            "service": 5,
            "created": "2012-07-30T08:58:24.679",
            "price": "200",
            "is_active": true,
            "divider": null,
            "start_date": "2012-07-01"
        }
    },
    {
        "pk": 17,
        "model": "app.price",
        "fields": {
            "updated": "2012-07-30T09:01:56.707",
            "service": 8,
            "created": "2012-07-30T09:01:56.707",
            "price": "750",
            "is_active": true,
            "divider": null,
            "start_date": "2012-07-01"
        }
    },
    {
        "pk": 15,
        "model": "app.price",
        "fields": {
            "updated": "2012-07-30T08:59:42.117",
            "service": 6,
            "created": "2012-07-30T08:59:42.117",
            "price": "400",
            "is_active": true,
            "divider": null,
            "start_date": "2012-07-01"
        }
    },
    {
        "pk": 16,
        "model": "app.price",
        "fields": {
            "updated": "2012-07-30T09:00:09.398",
            "service": 7,
            "created": "2012-07-30T09:00:09.398",
            "price": "150",
            "is_active": true,
            "divider": null,
            "start_date": "2012-07-01"
        }
    },
    {
        "pk": 11,
        "model": "app.price",
        "fields": {
            "updated": "2012-07-30T08:56:21.792",
            "service": 14,
            "created": "2012-07-30T08:56:21.792",
            "price": "200",
            "is_active": true,
            "divider": 1,
            "start_date": "2012-07-01"
        }
    },
    {
        "pk": 13,
        "model": "app.price",
        "fields": {
            "updated": "2012-07-30T08:57:35.907",
            "service": 14,
            "created": "2012-07-30T08:57:35.907",
            "price": "5000",
            "is_active": true,
            "divider": 3,
            "start_date": "2012-07-01"
        }
    },
    {
        "pk": 9,
        "model": "app.price",
        "fields": {
            "updated": "2012-07-30T08:52:48.156",
            "service": 9,
            "created": "2012-07-30T08:52:48.156",
            "price": "100",
            "is_active": true,
            "divider": 1,
            "start_date": "2012-07-01"
        }
    },
    {
        "pk": 12,
        "model": "app.price",
        "fields": {
            "updated": "2012-07-30T08:57:06.191",
            "service": 4,
            "created": "2012-07-30T08:57:06.191",
            "price": "100",
            "is_active": true,
            "divider": 2,
            "start_date": "2012-07-01"
        }
    },
    {
        "pk": 10,
        "model": "app.price",
        "fields": {
            "updated": "2012-07-30T08:56:47.268",
            "service": 3,
            "created": "2012-07-30T08:53:13.475",
            "price": "1000",
            "is_active": true,
            "divider": 2,
            "start_date": "2012-07-01"
        }
    },
    {
        "pk": 1,
        "model": "app.reservation",
        "fields": {
            "expired_days": 0,
            "percent": "0.1",
            "title": "\u041e\u0431\u044b\u0447\u043d\u043e\u0435 10%"
        }
    },
    {
        "pk": 5,
        "model": "app.doctemplate",
        "fields": {
            "is_default": false,
            "text": "",
            "document": "act",
            "fname": "printforms/shrink_act_org.html",
            "title": "\u0421\u0436\u0430\u0442\u044b\u0439 \u0430\u043a\u0442 \u043d\u0430 \u043e\u0440\u0433\u0430\u043d\u0438\u0437\u0430\u0446\u0438\u044e"
        }
    },
    {
        "pk": 3,
        "model": "app.doctemplate",
        "fields": {
            "is_default": false,
            "text": "",
            "document": "act",
            "fname": "printforms/shrink_act_person.html",
            "title": "\u0421\u0436\u0430\u0442\u044b\u0439 \u0430\u043a\u0442 \u043d\u0430 \u0444\u0438\u0437.\u043b\u0438\u0446\u043e"
        }
    },
    {
        "pk": 6,
        "model": "app.doctemplate",
        "fields": {
            "is_default": false,
            "text": "",
            "document": "invoice",
            "fname": "printforms/shrink_invoice_org.html",
            "title": "\u0421\u0436\u0430\u0442\u044b\u0439 \u0441\u0447\u0451\u0442 \u043d\u0430 \u043e\u0433\u0440\u0430\u043d\u0438\u0437\u0430\u0446\u0438\u044e"
        }
    },
    {
        "pk": 4,
        "model": "app.doctemplate",
        "fields": {
            "is_default": false,
            "text": "",
            "document": "invoice",
            "fname": "printforms/shrink_invoice_person.html",
            "title": "\u0421\u0436\u0430\u0442\u044b\u0439 \u0441\u0447\u0451\u0442 \u043d\u0430 \u0444\u0438\u0437.\u043b\u0438\u0446\u043e"
        }
    },
    {
        "pk": 7,
        "model": "app.doctemplate",
        "fields": {
            "is_default": false,
            "text": "",
            "document": "act",
            "fname": "printforms/standart_act_org.html",
            "title": "\u0421\u0442\u0430\u043d\u0434\u0430\u0440\u0442\u043d\u044b\u0439 \u0430\u043a\u0442 \u043d\u0430 \u043e\u0440\u0433\u0430\u043d\u0438\u0437\u0430\u0446\u0438\u044e"
        }
    },
    {
        "pk": 2,
        "model": "app.doctemplate",
        "fields": {
            "is_default": true,
            "text": "",
            "document": "act",
            "fname": "printforms/standart_act_person.html",
            "title": "\u0421\u0442\u0430\u043d\u0434\u0430\u0440\u0442\u043d\u044b\u0439 \u0430\u043a\u0442 \u043d\u0430 \u0444\u0438\u0437.\u043b\u0438\u0446\u043e"
        }
    },
    {
        "pk": 8,
        "model": "app.doctemplate",
        "fields": {
            "is_default": false,
            "text": "",
            "document": "invoice",
            "fname": "printforms/standart_invoice_org.html",
            "title": "\u0421\u0442\u0430\u043d\u0434\u0430\u0440\u0442\u043d\u044b\u0439 \u0441\u0447\u0451\u0442 \u043d\u0430 \u043e\u0440\u0433\u0430\u043d\u0438\u0437\u0430\u0446\u0438\u044e"
        }
    },
    {
        "pk": 1,
        "model": "app.doctemplate",
        "fields": {
            "is_default": true,
            "text": "",
            "document": "invoice",
            "fname": "printforms/standart_invoice_person.html",
            "title": "\u0421\u0442\u0430\u043d\u0434\u0430\u0440\u0442\u043d\u044b\u0439 \u0441\u0447\u0451\u0442 \u043d\u0430 \u0444\u0438\u0437.\u043b\u0438\u0446\u043e"
        }
    }
]