[
    {
        "pk": 1,
        "model": "app.org",
        "fields": {
            "is_seller": true,
            "title": "\u0413\u043e\u0441\u0442\u0438\u043d\u0438\u0446\u0430 \u00ab\u0411\u0430\u0440\u0431\u0430\u0440\u0438\u0441\u00bb"
        }
    },
    {
        "pk": 2,
        "model": "app.org",
        "fields": {
            "is_seller": false,
            "title": "\u041e\u041e\u041e \"\u0420\u043e\u0433\u0430 \u0438 \u043a\u043e\u043f\u044b\u0442\u0430\""
        }
    },
    {
        "pk": 3,
        "model": "app.org",
        "fields": {
            "is_seller": false,
            "title": "\u041e\u041e\u041e \"\u0421\u0432\u0435\u0442\u043b\u044b\u0439 \u043f\u0443\u0442\u044c\""
        }
    },
    {
        "pk": 4,
        "model": "app.org",
        "fields": {
            "is_seller": false,
            "title": "\u041e\u041e\u041e \"\u0422\u0443\u0440\u044b \u043f\u043e \u041a\u043e\u043b\u044b\u043c\u0435\""
        }
    },
    {
        "pk": 1,
        "model": "app.orgdetail",
        "fields": {
            "kpp": "",
            "bank_title": "\u041e\u0410\u041e \"\u041d\u041e\u041c\u041e\u0421-\u0420\u0415\u0413\u0418\u041e\u0411\u0410\u041d\u041a\" \u0413. \u0425\u0410\u0411\u0410\u0420\u041e\u0412\u0421\u041a",
            "document_series": "",
            "phones": "",
            "document_number": "",
            "document_organ": "",
            "is_active": true,
            "bank_bik": "040813737",
            "ogrn": "",
            "bank_set_account": "40802810308020061574",
            "inn": "790153009857",
            "bank_cor_account": "30101810500000000737",
            "address": "679000, \u0415\u0432\u0440\u0435\u0439\u0441\u043a\u0430\u044f \u0410\u043e\u0431\u043b, \u0411\u0438\u0440\u043e\u0431\u0438\u0434\u0436\u0430\u043d \u0433, \u041e\u0441\u0435\u043d\u043d\u044f\u044f \u0443\u043b, \u0434\u043e\u043c \u2116 31, \u043a\u0432.89",
            "document_code": "",
            "org": 1,
            "fulltitle": "\u0418\u043d\u0434\u0438\u0432\u0438\u0434\u0443\u0430\u043b\u044c\u043d\u044b\u0439 \u043f\u0440\u0435\u0434\u043f\u0440\u0438\u043d\u0438\u043c\u0430\u0442\u0435\u043b\u044c \u0411\u0435\u043a\u0435\u0442\u043e\u0432 \u0421\u0435\u0440\u0433\u0435\u0439 \u0412\u0438\u043a\u0442\u043e\u0440\u043e\u0432\u0438\u0447",
            "document_type": "",
            "document_date": ""
        }
    },
    {
        "pk": 2,
        "model": "app.orgdetail",
        "fields": {
            "kpp": "",
            "bank_title": "\u041d\u0430\u0437\u0432\u0430\u043d\u0438\u0435 \u0431\u0430\u043d\u043a\u0430",
            "document_series": "",
            "phones": "",
            "document_number": "",
            "document_organ": "",
            "is_active": true,
            "bank_bik": "2222222222222222",
            "ogrn": "",
            "bank_set_account": "",
            "inn": "1111111111111111",
            "bank_cor_account": "",
            "address": "",
            "document_code": "",
            "org": 2,
            "fulltitle": "\u041f\u043e\u043b\u043d\u043e\u0435 \u043d\u0430\u0437\u0432\u0430\u043d\u0438\u0435 \u043e\u0440\u0433\u0430\u043d\u0438\u0437\u0430\u0446\u0438\u0438 \u041e\u041e\u041e \u0420\u043e\u0433\u0430 \u0438 \u043a\u043e\u043f\u044b\u0442\u0430",
            "document_type": "",
            "document_date": ""
        }
    },
    {
        "pk": 13,
        "model": "app.orgdetail",
        "fields": {
            "kpp": "",
            "bank_title": "",
            "document_series": "",
            "phones": "",
            "document_number": "",
            "document_organ": "",
            "is_active": true,
            "bank_bik": "",
            "ogrn": "",
            "bank_set_account": "",
            "inn": "2222222222222222",
            "bank_cor_account": "",
            "address": "",
            "document_code": "",
            "org": 3,
            "fulltitle": "",
            "document_type": "",
            "document_date": ""
        }
    },
    {
        "pk": 15,
        "model": "app.orgdetail",
        "fields": {
            "kpp": "",
            "bank_title": "",
            "document_series": "",
            "phones": "",
            "document_number": "",
            "document_organ": "",
            "is_active": true,
            "bank_bik": "",
            "ogrn": "",
            "bank_set_account": "",
            "inn": "3333333333333333",
            "bank_cor_account": "",
            "address": "",
            "document_code": "",
            "org": 4,
            "fulltitle": "",
            "document_type": "",
            "document_date": ""
        }
    },
    {
        "pk": 1,
        "model": "app.person",
        "fields": {
            "first_name": "\u0418\u0432\u0430\u043d",
            "last_name": "\u0418\u0432\u0430\u043d\u043e\u0432",
            "middle_name": "\u0418\u0432\u0430\u043d\u043e\u0432\u0438\u0447",
            "phones": "22222",
            "sex": "\u043c\u0443\u0436",
            "org": 2
        }
    },
    {
        "pk": 2,
        "model": "app.person",
        "fields": {
            "first_name": "\u041f\u0435\u0442\u0440",
            "last_name": "\u041f\u0435\u0442\u0440\u043e\u0432",
            "middle_name": "\u041f\u0435\u0442\u0440\u043e\u0432\u0438\u0447",
            "phones": "33333",
            "sex": "\u043c\u0443\u0436",
            "org": 3
        }
    },
    {
        "pk": 3,
        "model": "app.person",
        "fields": {
            "first_name": "\u0421\u0438\u0434\u043e\u0440",
            "last_name": "\u0421\u0438\u0434\u043e\u0440\u043e\u0432",
            "middle_name": "\u0421\u0438\u0434\u043e\u0440\u043e\u0432\u0438\u0447",
            "phones": "44444",
            "sex": "\u043c\u0443\u0436",
            "org": 4
        }
    },
    {
        "pk": 1,
        "model": "app.persondetail",
        "fields": {
            "residence_sity": "",
            "document_series": "",
            "residence_case": "",
            "residence_country": "",
            "birth_country": "\u0420\u043e\u0441\u0441\u0438\u044f",
            "birth_day": "1980-08-01",
            "document_date": "",
            "residence_apartment": "",
            "birth_area": "",
            "document_number": "",
            "document_organ": "",
            "birth_sity": "\u0411\u0438\u0440\u043e\u0431\u0438\u0434\u0436\u0430\u043d",
            "residence_street": "",
            "residence_sitizenship": "\u0420\u043e\u0441\u0441\u0438\u044f",
            "residence_region": "",
            "is_active": true,
            "birth_region": "",
            "birth_settlement": "",
            "document_code": "",
            "document_type": "",
            "residence_house": "",
            "residence_settlement": "",
            "person": 1,
            "residence_area": ""
        }
    },
    {
        "pk": 2,
        "model": "app.persondetail",
        "fields": {
            "residence_sity": "",
            "document_series": "",
            "residence_case": "",
            "residence_country": "",
            "birth_country": "",
            "birth_day": null,
            "document_date": "",
            "residence_apartment": "",
            "birth_area": "",
            "document_number": "",
            "document_organ": "",
            "birth_sity": "",
            "residence_street": "",
            "residence_sitizenship": "",
            "residence_region": "",
            "is_active": true,
            "birth_region": "",
            "birth_settlement": "",
            "document_code": "",
            "document_type": "",
            "residence_house": "",
            "residence_settlement": "",
            "person": 2,
            "residence_area": ""
        }
    },
    {
        "pk": 3,
        "model": "app.persondetail",
        "fields": {
            "residence_sity": "",
            "document_series": "",
            "residence_case": "",
            "residence_country": "",
            "birth_country": "",
            "birth_day": null,
            "document_date": "",
            "residence_apartment": "",
            "birth_area": "",
            "document_number": "",
            "document_organ": "",
            "birth_sity": "",
            "residence_street": "",
            "residence_sitizenship": "",
            "residence_region": "",
            "is_active": true,
            "birth_region": "",
            "birth_settlement": "",
            "document_code": "",
            "document_type": "",
            "residence_house": "",
            "residence_settlement": "",
            "person": 3,
            "residence_area": ""
        }
    },
    {
        "pk": 1,
        "model": "app.category",
        "fields": {
            "title": "Hotel"
        }
    },
    {
        "pk": 2,
        "model": "app.category",
        "fields": {
            "title": "Sauna"
        }
    },
    {
        "pk": 3,
        "model": "app.category",
        "fields": {
            "title": "Kitchen"
        }
    },
    {
        "pk": 4,
        "model": "app.category",
        "fields": {
            "title": "Parking"
        }
    },
    {
        "pk": 9,
        "model": "app.service",
        "fields": {
            "category": 4,
            "is_rooms": false,
            "is_reserved": false,
            "is_on_time": true,
            "title": "\u0410\u0432\u0442\u043e\u0441\u0442\u043e\u044f\u043d\u043a\u0430"
        }
    },
    {
        "pk": 12,
        "model": "app.service",
        "fields": {
            "category": 1,
            "is_rooms": true,
            "is_reserved": true,
            "is_on_time": true,
            "title": "\u0414\u043e\u043c\u0438\u043a"
        }
    },
    {
        "pk": 4,
        "model": "app.service",
        "fields": {
            "category": 2,
            "is_rooms": false,
            "is_reserved": false,
            "is_on_time": false,
            "title": "\u0414\u043e\u043f\u043b\u0430\u0442\u0430 \u0437\u0430 \u0447\u0435\u043b\u043e\u0432\u0435\u043a\u0430"
        }
    },
    {
        "pk": 13,
        "model": "app.service",
        "fields": {
            "category": 1,
            "is_rooms": false,
            "is_reserved": true,
            "is_on_time": true,
            "title": "\u0414\u043e\u043f\u043e\u043b\u043d\u0438\u0442\u0435\u043b\u044c\u043d\u043e\u0435 \u043c\u0435\u0441\u0442\u043e"
        }
    },
    {
        "pk": 5,
        "model": "app.service",
        "fields": {
            "category": 3,
            "is_rooms": false,
            "is_reserved": false,
            "is_on_time": false,
            "title": "\u0417\u0430\u0432\u0442\u0440\u0430\u043a"
        }
    },
    {
        "pk": 8,
        "model": "app.service",
        "fields": {
            "category": 3,
            "is_rooms": false,
            "is_reserved": false,
            "is_on_time": false,
            "title": "\u041a\u043e\u043c\u043f\u043b\u0435\u043a\u0441"
        }
    },
    {
        "pk": 1,
        "model": "app.service",
        "fields": {
            "category": 1,
            "is_rooms": true,
            "is_reserved": true,
            "is_on_time": true,
            "title": "\u041b\u044e\u043a\u0441"
        }
    },
    {
        "pk": 6,
        "model": "app.service",
        "fields": {
            "category": 3,
            "is_rooms": false,
            "is_reserved": false,
            "is_on_time": false,
            "title": "\u041e\u0431\u0435\u0434"
        }
    },
    {
        "pk": 2,
        "model": "app.service",
        "fields": {
            "category": 1,
            "is_rooms": true,
            "is_reserved": true,
            "is_on_time": true,
            "title": "\u041f\u043e\u043b\u0443\u043b\u044e\u043a\u0441"
        }
    },
    {
        "pk": 15,
        "model": "app.service",
        "fields": {
            "category": 1,
            "is_rooms": true,
            "is_reserved": true,
            "is_on_time": true,
            "title": "\u041f\u043e\u043b\u0443\u043b\u044e\u043a\u0441 +"
        }
    },
    {
        "pk": 3,
        "model": "app.service",
        "fields": {
            "category": 2,
            "is_rooms": false,
            "is_reserved": true,
            "is_on_time": true,
            "title": "\u0421\u0430\u0443\u043d\u0430"
        }
    },
    {
        "pk": 10,
        "model": "app.service",
        "fields": {
            "category": 1,
            "is_rooms": true,
            "is_reserved": true,
            "is_on_time": true,
            "title": "\u0421\u0442\u0430\u043d\u0434\u0430\u0440\u0442"
        }
    },
    {
        "pk": 14,
        "model": "app.service",
        "fields": {
            "category": 4,
            "is_rooms": false,
            "is_reserved": false,
            "is_on_time": true,
            "title": "\u0422\u0451\u043f\u043b\u0430\u044f"
        }
    },
    {
        "pk": 7,
        "model": "app.service",
        "fields": {
            "category": 3,
            "is_rooms": false,
            "is_reserved": false,
            "is_on_time": false,
            "title": "\u0423\u0436\u0438\u043d"
        }
    },
    {
        "pk": 11,
        "model": "app.service",
        "fields": {
            "category": 1,
            "is_rooms": true,
            "is_reserved": true,
            "is_on_time": true,
            "title": "\u042d\u043a\u043e\u043d\u043e\u043c"
        }
    },
    {
        "pk": 17,
        "model": "app.room",
        "fields": {
            "num": 17,
            "service": 12
        }
    },
    {
        "pk": 3,
        "model": "app.room",
        "fields": {
            "num": 3,
            "service": 1
        }
    },
    {
        "pk": 9,
        "model": "app.room",
        "fields": {
            "num": 9,
            "service": 1
        }
    },
    {
        "pk": 12,
        "model": "app.room",
        "fields": {
            "num": 12,
            "service": 1
        }
    },
    {
        "pk": 15,
        "model": "app.room",
        "fields": {
            "num": 15,
            "service": 1
        }
    },
    {
        "pk": 2,
        "model": "app.room",
        "fields": {
            "num": 2,
            "service": 2
        }
    },
    {
        "pk": 4,
        "model": "app.room",
        "fields": {
            "num": 4,
            "service": 2
        }
    },
    {
        "pk": 5,
        "model": "app.room",
        "fields": {
            "num": 5,
            "service": 2
        }
    },
    {
        "pk": 6,
        "model": "app.room",
        "fields": {
            "num": 6,
            "service": 2
        }
    },
    {
        "pk": 7,
        "model": "app.room",
        "fields": {
            "num": 7,
            "service": 2
        }
    },
    {
        "pk": 8,
        "model": "app.room",
        "fields": {
            "num": 8,
            "service": 2
        }
    },
    {
        "pk": 10,
        "model": "app.room",
        "fields": {
            "num": 10,
            "service": 2
        }
    },
    {
        "pk": 14,
        "model": "app.room",
        "fields": {
            "num": 14,
            "service": 2
        }
    },
    {
        "pk": 16,
        "model": "app.room",
        "fields": {
            "num": 16,
            "service": 2
        }
    },
    {
        "pk": 1,
        "model": "app.room",
        "fields": {
            "num": 1,
            "service": 15
        }
    },
    {
        "pk": 11,
        "model": "app.room",
        "fields": {
            "num": 11,
            "service": 10
        }
    },
    {
        "pk": 13,
        "model": "app.room",
        "fields": {
            "num": 13,
            "service": 10
        }
    },
    {
        "pk": 7,
        "model": "app.price",
        "fields": {
            "updated": "2012-07-30T08:42:47.277",
            "service": 12,
            "created": "2012-07-30T08:42:47.277",
            "price": "4000",
            "is_active": true,
            "divider": 1,
            "start_date": "2012-07-01"
        }
    },
    {
        "pk": 8,
        "model": "app.price",
        "fields": {
            "updated": "2012-07-30T08:43:56.755",
            "service": 13,
            "created": "2012-07-30T08:43:56.755",
            "price": "600",
            "is_active": true,
            "divider": 1,
            "start_date": "2012-07-01"
        }
    },
    {
        "pk": 1,
        "model": "app.price",
        "fields": {
            "updated": "2012-07-30T08:39:09.777",
            "service": 1,
            "created": "2012-07-25T02:26:54.365",
            "price": "3400",
            "is_active": true,
            "divider": 1,
            "start_date": "2012-07-01"
        }
    },
    {
        "pk": 2,
        "model": "app.price",
        "fields": {
            "updated": "2012-07-30T08:40:15.874",
            "service": 1,
            "created": "2012-07-25T02:27:23.806",
            "price": "150",
            "is_active": true,
            "divider": 2,
            "start_date": "2012-07-01"
        }
    },
    {
        "pk": 3,
        "model": "app.price",
        "fields": {
            "updated": "2012-07-30T08:40:48.153",
            "service": 2,
            "created": "2012-07-30T08:13:09.255",
            "price": "2400",
            "is_active": true,
            "divider": 1,
            "start_date": "2012-07-01"
        }
    },
    {
        "pk": 4,
        "model": "app.price",
        "fields": {
            "updated": "2012-07-30T08:41:06.995",
            "service": 2,
            "created": "2012-07-30T08:41:06.995",
            "price": "100",
            "is_active": true,
            "divider": 2,
            "start_date": "2012-07-01"
        }
    },
    {
        "pk": 5,
        "model": "app.price",
        "fields": {
            "updated": "2012-07-30T08:41:49.006",
            "service": 10,
            "created": "2012-07-30T08:41:49.006",
            "price": "4500",
            "is_active": true,
            "divider": 1,
            "start_date": "2012-07-01"
        }
    },
    {
        "pk": 6,
        "model": "app.price",
        "fields": {
            "updated": "2012-07-30T08:42:15.482",
            "service": 11,
            "created": "2012-07-30T08:42:15.482",
            "price": "5600",
            "is_active": true,
            "divider": 1,
            "start_date": "2012-07-01"
        }
    },
    {
        "pk": 14,
        "model": "app.price",
        "fields": {
            "updated": "2012-07-30T08:58:24.679",
            "service": 5,
            "created": "2012-07-30T08:58:24.679",
            "price": "200",
            "is_active": true,
            "divider": null,
            "start_date": "2012-07-01"
        }
    },
    {
        "pk": 17,
        "model": "app.price",
        "fields": {
            "updated": "2012-07-30T09:01:56.707",
            "service": 8,
            "created": "2012-07-30T09:01:56.707",
            "price": "750",
            "is_active": true,
            "divider": null,
            "start_date": "2012-07-01"
        }
    },
    {
        "pk": 15,
        "model": "app.price",
        "fields": {
            "updated": "2012-07-30T08:59:42.117",
            "service": 6,
            "created": "2012-07-30T08:59:42.117",
            "price": "400",
            "is_active": true,
            "divider": null,
            "start_date": "2012-07-01"
        }
    },
    {
        "pk": 16,
        "model": "app.price",
        "fields": {
            "updated": "2012-07-30T09:00:09.398",
            "service": 7,
            "created": "2012-07-30T09:00:09.398",
            "price": "150",
            "is_active": true,
            "divider": null,
            "start_date": "2012-07-01"
        }
    },
    {
        "pk": 9,
        "model": "app.price",
        "fields": {
            "updated": "2012-07-30T08:52:48.156",
            "service": 9,
            "created": "2012-07-30T08:52:48.156",
            "price": "100",
            "is_active": true,
            "divider": 1,
            "start_date": "2012-07-01"
        }
    },
    {
        "pk": 11,
        "model": "app.price",
        "fields": {
            "updated": "2012-07-30T08:56:21.792",
            "service": 14,
            "created": "2012-07-30T08:56:21.792",
            "price": "200",
            "is_active": true,
            "divider": 1,
            "start_date": "2012-07-01"
        }
    },
    {
        "pk": 13,
        "model": "app.price",
        "fields": {
            "updated": "2012-07-30T08:57:35.907",
            "service": 14,
            "created": "2012-07-30T08:57:35.907",
            "price": "5000",
            "is_active": true,
            "divider": 3,
            "start_date": "2012-07-01"
        }
    },
    {
        "pk": 12,
        "model": "app.price",
        "fields": {
            "updated": "2012-07-30T08:57:06.191",
            "service": 4,
            "created": "2012-07-30T08:57:06.191",
            "price": "100",
            "is_active": true,
            "divider": 2,
            "start_date": "2012-07-01"
        }
    },
    {
        "pk": 10,
        "model": "app.price",
        "fields": {
            "updated": "2012-07-30T08:56:47.268",
            "service": 3,
            "created": "2012-07-30T08:53:13.475",
            "price": "1000",
            "is_active": true,
            "divider": 2,
            "start_date": "2012-07-01"
        }
    },
    {
        "pk": 1,
        "model": "app.reservation",
        "fields": {
            "expired_days": 0,
            "percent": "0.1",
            "title": "\u041e\u0431\u044b\u0447\u043d\u043e\u0435 10%"
        }
    },
    {
        "pk": 5,
        "model": "app.doctemplate",
        "fields": {
            "is_default": false,
            "text": "",
            "document": "act",
            "fname": "printforms/shrink_act_org.html",
            "title": "\u0421\u0436\u0430\u0442\u044b\u0439 \u0430\u043a\u0442 \u043d\u0430 \u043e\u0440\u0433\u0430\u043d\u0438\u0437\u0430\u0446\u0438\u044e"
        }
    },
    {
        "pk": 3,
        "model": "app.doctemplate",
        "fields": {
            "is_default": false,
            "text": "",
            "document": "act",
            "fname": "printforms/shrink_act_person.html",
            "title": "\u0421\u0436\u0430\u0442\u044b\u0439 \u0430\u043a\u0442 \u043d\u0430 \u0444\u0438\u0437.\u043b\u0438\u0446\u043e"
        }
    },
    {
        "pk": 6,
        "model": "app.doctemplate",
        "fields": {
            "is_default": false,
            "text": "",
            "document": "invoice",
            "fname": "printforms/shrink_invoice_org.html",
            "title": "\u0421\u0436\u0430\u0442\u044b\u0439 \u0441\u0447\u0451\u0442 \u043d\u0430 \u043e\u0433\u0440\u0430\u043d\u0438\u0437\u0430\u0446\u0438\u044e"
        }
    },
    {
        "pk": 4,
        "model": "app.doctemplate",
        "fields": {
            "is_default": false,
            "text": "",
            "document": "invoice",
            "fname": "printforms/shrink_invoice_person.html",
            "title": "\u0421\u0436\u0430\u0442\u044b\u0439 \u0441\u0447\u0451\u0442 \u043d\u0430 \u0444\u0438\u0437.\u043b\u0438\u0446\u043e"
        }
    },
    {
        "pk": 7,
        "model": "app.doctemplate",
        "fields": {
            "is_default": false,
            "text": "",
            "document": "act",
            "fname": "printforms/standart_act_org.html",
            "title": "\u0421\u0442\u0430\u043d\u0434\u0430\u0440\u0442\u043d\u044b\u0439 \u0430\u043a\u0442 \u043d\u0430 \u043e\u0440\u0433\u0430\u043d\u0438\u0437\u0430\u0446\u0438\u044e"
        }
    },
    {
        "pk": 2,
        "model": "app.doctemplate",
        "fields": {
            "is_default": true,
            "text": "",
            "document": "act",
            "fname": "printforms/standart_act_person.html",
            "title": "\u0421\u0442\u0430\u043d\u0434\u0430\u0440\u0442\u043d\u044b\u0439 \u0430\u043a\u0442 \u043d\u0430 \u0444\u0438\u0437.\u043b\u0438\u0446\u043e"
        }
    },
    {
        "pk": 8,
        "model": "app.doctemplate",
        "fields": {
            "is_default": false,
            "text": "",
            "document": "invoice",
            "fname": "printforms/standart_invoice_org.html",
            "title": "\u0421\u0442\u0430\u043d\u0434\u0430\u0440\u0442\u043d\u044b\u0439 \u0441\u0447\u0451\u0442 \u043d\u0430 \u043e\u0440\u0433\u0430\u043d\u0438\u0437\u0430\u0446\u0438\u044e"
        }
    },
    {
        "pk": 1,
        "model": "app.doctemplate",
        "fields": {
            "is_default": true,
            "text": "",
            "document": "invoice",
            "fname": "printforms/standart_invoice_person.html",
            "title": "\u0421\u0442\u0430\u043d\u0434\u0430\u0440\u0442\u043d\u044b\u0439 \u0441\u0447\u0451\u0442 \u043d\u0430 \u0444\u0438\u0437.\u043b\u0438\u0446\u043e"
        }
    },
    {
        "pk": 1,
        "model": "app.question",
        "fields": {
            "text": "\u041a\u0430\u043a\u043e\u0439 \u0431\u0440\u0430\u0443\u0437\u0435\u0440 \u043a\u043e\u0440\u0440\u0435\u043a\u0442\u043d\u0435\u0435 \u0440\u0430\u0431\u043e\u0442\u0430\u0435\u0442 \u0441 \u0434\u0430\u043d\u043d\u044b\u043c \u043f\u0440\u0438\u043b\u043e\u0436\u0435\u043d\u0438\u0435\u043c?",
            "theme": "\u0411\u0440\u0430\u0443\u0437\u0435\u0440",
            "user": 1,
            "created": "2012-08-14T15:06:07.930"
        }
    },
    {
        "pk": 1,
        "model": "app.answer",
        "fields": {
            "text": "\u041d\u0430 \u0434\u0430\u043d\u043d\u044b\u0439 \u043c\u043e\u043c\u0435\u043d\u0442 \u0442\u0440\u043e\u0442\u0435\u0441\u0442\u0438\u0440\u043e\u0432\u0430\u043d\u044b 2 \u0431\u0440\u0430\u0443\u0437\u0435\u0440\u0430:\r\nMozilla Firefox 14  \u0438 Google Chrome 18 - \u043f\u0440\u0435\u043a\u0440\u0430\u0441\u043d\u043e \u0440\u0430\u0431\u043e\u0442\u0430\u044e\u0442 \u0441 \u043f\u0440\u0438\u043b\u043e\u0436\u0435\u043d\u0438\u0435\u043c, \u043d\u043e \u043d\u0435\u043a\u043e\u0440\u0440\u0435\u043a\u0442\u043d\u043e \u0432\u044b\u0432\u043e\u0434\u044f\u0442 \u0434\u043e\u043a\u0443\u043c\u0435\u043d\u0442 \u043d\u0430 \u043f\u0435\u0447\u0430\u0442\u044c (\u0441\u0435\u0439\u0447\u0430\u0441 \u0444\u0443\u043d\u043a\u0446\u0438\u044f \u043f\u0435\u0447\u0430\u0442\u0438 \u043d\u0430 \u0434\u043e\u0440\u0430\u0431\u043e\u0442\u043a\u0435).\r\n\u041e\u0441\u0442\u0430\u043b\u044c\u043d\u044b\u0435 \u0431\u0440\u0430\u0443\u0437\u0435\u0440\u044b \u043c\u043e\u0433\u0443\u0442 \u043d\u0435 \u043f\u043e\u0434\u0434\u0435\u0440\u0436\u0438\u0432\u0430\u0442\u044c \u0441\u043e\u0432\u0440\u0435\u043c\u0435\u043d\u043d\u044b\u0435 \u0442\u0435\u0445\u043d\u043e\u043b\u043e\u0433\u0438\u0438 \u0438 \u0431\u0443\u0434\u0443\u0442 \u0442\u0435\u0441\u0442\u0438\u0440\u043e\u0432\u0430\u0442\u044c\u0441\u044f \u0432 \u043f\u043e\u0441\u043b\u0435\u0434\u043d\u044e\u044e \u043e\u0447\u0435\u0440\u0435\u0434\u044c.",
            "updated": "2012-08-16T19:20:38.442",
            "question": 1,
            "user": 1,
            "created": "2012-08-14T15:29:52.347"
        }
    }
]